What is your Fordham Username?,What year are you?,Have you ever used an online marketplace to buy or sell items?,How frequently do you use online marketplaces to buy or sell items?,Have you ever encountered any of the following issues while using online marketplaces?,"On a scale of 1 to 5, how much do you trust existing online marketplaces for transactions?",Would you feel more comfortable using an online marketplace exclusively for Fordham students?,What features would make you trust an online marketplace more?,How likely are you to use an online marketplace designed specifically for the Fordham community?,"-Comment
How likely are you to use an online marketplace designed specifically for the Fordham community?"
user0001,Freshman,"Yes, I have both bought and sold items",More than once a month,[Scams or fraudulent transactions; Difficulty verifying product authenticity or quality],2,Yes,[Mandatory university email verification for all users; Pay for products in person; In-app messaging to initiate transactions],Very likely,
user0002,Sophomore,"Yes, I have both bought and sold items",More than once a month,[Scams or fraudulent transactions; Difficulty verifying product authenticity or quality],2,Yes,[Mandatory university email verification for all users; Pay for products in person; In-app messaging to initiate transactions],Very likely,
user0003,Junior,"Yes, I have both bought and sold items",More than once a month,[Scams or fraudulent transactions; Difficulty verifying product authenticity or quality],2,Yes,[Mandatory university email verification for all users; Pay for products in person; In-app messaging to initiate transactions],Very likely,
user0004,Senior,"Yes, I have both bought and sold items",More than once a month,[Scams or fraudulent transactions; Difficulty verifying product authenticity or quality],2,Yes,[Mandatory university email verification for all users; Pay for products in person; In-app messaging to initiate transactions],Very likely,
user0005,Graduate Student,"Yes, I have both bought and sold items",More than once a month,[Scams or fraudulent transactions; Difficulty verifying product authenticity or quality],2,Yes,[Mandatory university email verification for all users; Pay for products in person; In-app messaging to initiate transactions],Very likely,
user0006,Freshman,"Yes, I have both bought and sold items",More than once a month,[Scams or fraudulent transactions; Difficulty verifying product authenticity or quality],2,Yes,[Mandatory university email verification for all users; Pay for products in person; In-app messaging to initiate transactions],Very likely,
user0007,Sophomore,"Yes, I have both bought and sold items",More than once a month,[Scams or fraudulent transactions; Difficulty verifying product authenticity or quality],2,Yes,[Mandatory university email verification for all users; Pay for products in person; In-app messaging to initiate transactions],Very likely,
user0008,Junior,"Yes, I have both bought and sold items",More than once a month,[Scams or fraudulent transactions; Difficulty verifying product authenticity or quality],2,Yes,[Mandatory university email verification for all users; Pay for products in person; In-app messaging to initiate transactions],Very likely,
user0009,Senior,"Yes, I have both bought and sold items",More than once a month,[Scams or fraudulent transactions; Difficulty verifying product authenticity or quality],2,Yes,[Mandatory university email verification for all users; Pay for products in person; In-app messaging to initiate transactions],Very likely,
user0010,Graduate Student,"Yes, I have both bought and sold items",More than once a month,[Scams or fraudulent transactions; Difficulty verifying product authenticity or quality],2,Yes,[Mandatory university email verification for all users; Pay for products in person; In-app messaging to initiate transactions],Very likely,
user0011,Freshman,"Yes, I have both bought and sold items",More than once a month,[Scams or fraudulent transactions; Difficulty verifying product authenticity or quality],2,Yes,[Mandatory university email verification for all users; Pay for products in person; In-app messaging to initiate transactions],Very likely,
user0012,Sophomore,"Yes, I have both bought and sold items",More than once a month,[Scams or fraudulent transactions; Difficulty verifying product authenticity or quality],2,Yes,[Mandatory university email verification for all users; Pay for products in person; In-app messaging to initiate transactions],Very likely,
user0013,Junior,"Yes, I have both bought and sold items",More than once a month,[Scams or fraudulent transactions; Difficulty verifying product authenticity or quality],2,Yes,[Mandatory university email verification for all users; Pay for products in person; In-app messaging to initiate transactions],Very likely,
user0014,Senior,"Yes, I have both bought and sold items",More than once a month,[Scams or fraudulent transactions; Difficulty verifying product authenticity or quality],2,Yes,[Mandatory university email verification for all users; Pay for products in person; In-app messaging to initiate transactions],Very likely,
user0015,Graduate Student,"Yes, I have both bought and sold items",More than once a month,[Scams or fraudulent transactions; Difficulty verifying product authenticity or quality],2,Yes,[Mandatory university email verification for all users; Pay for products in person; In-app messaging to initiate transactions],Very likely,
user0016,Freshman,"Yes, I have both bought and sold items",More than once a month,[Scams or fraudulent transactions; Difficulty verifying product authenticity or quality],2,Yes,[Mandatory university email verification for all users; Pay for products in person; In-app messaging to initiate transactions],Very likely,
user0017,Sophomore,"Yes, I have both bought and sold items",More than once a month,[Scams or fraudulent transactions; Difficulty verifying product authenticity or quality],2,Yes,[Mandatory university email verification for all users; Pay for products in person; In-app messaging to initiate transactions],Very likely,
user0018,Junior,"Yes, I have both bought and sold items",More than once a month,[Scams or fraudulent transactions; Difficulty verifying product authenticity or quality],2,Yes,[Mandatory university email verification for all users; Pay for products in person; In-app messaging to initiate transactions],Very likely,
user0019,Senior,"Yes, I have both bought and sold items",More than once a month,[Scams or fraudulent transactions; Difficulty verifying product authenticity or quality],2,Yes,[Mandatory university email verification for all users; Pay for products in person; In-app messaging to initiate transactions],Very likely,
user0020,Graduate Student,"Yes, I have both bought and sold items",More than once a month,[Scams or fraudulent transactions; Difficulty verifying product authenticity or quality],2,Yes,[Mandatory university email verification for all users; Pay for products in person; In-app messaging to initiate transactions],Very likely,
user0021,Freshman,"Yes, I have both bought and sold items",More than once a month,[Scams or fraudulent transactions; Difficulty verifying product authenticity or quality],2,Yes,[Mandatory university email verification for all users; Pay for products in person; In-app messaging to initiate transactions],Very likely,
user0022,Sophomore,"Yes, I have both bought and sold items",More than once a month,[Scams or fraudulent transactions; Difficulty verifying product authenticity or quality],2,Yes,[Mandatory university email verification for all users; Pay for products in person; In-app messaging to initiate transactions],Very likely,
user0023,Junior,"Yes, I have both bought and sold items",More than once a month,[Scams or fraudulent transactions; Difficulty verifying product authenticity or quality],2,Yes,[Mandatory university email verification for all users; Pay for products in person; In-app messaging to initiate transactions],Very likely,
user0024,Senior,"Yes, I have both bought and sold items",More than once a month,[Scams or fraudulent transactions; Difficulty verifying product authenticity or quality],2,Yes,[Mandatory university email verification for all users; Pay for products in person; In-app messaging to initiate transactions],Very likely,
user0025,Graduate Student,"Yes, I have both bought and sold items",More than once a month,[Scams or fraudulent transactions; Difficulty verifying product authenticity or quality],2,Yes,[Mandatory university email verification for all users; Pay for products in person; In-app messaging to initiate transactions],Very likely,
user0026,Freshman,"Yes, I have both bought and sold items",More than once a month,[Scams or fraudulent transactions; Difficulty verifying product authenticity or quality],2,Yes,[Mandatory university email verification for all users; Pay for products in person; In-app messaging to initiate transactions],Very likely,
user0027,Sophomore,"Yes, I have both bought and sold items",More than once a month,[Scams or fraudulent transactions; Difficulty verifying product authenticity or quality],2,Yes,[Mandatory university email verification for all users; Pay for products in person; In-app messaging to initiate transactions],Very likely,
user0028,Junior,"Yes, I have both bought and sold items",More than once a month,[Scams or fraudulent transactions; Difficulty verifying product authenticity or quality],2,Yes,[Mandatory university email verification for all users; Pay for products in person; In-app messaging to initiate transactions],Very likely,
user0029,Senior,"Yes, I have both bought and sold items",More than once a month,[Scams or fraudulent transactions; Difficulty verifying product authenticity or quality],2,Yes,[Mandatory university email verification for all users; Pay for products in person; In-app messaging to initiate transactions],Very likely,
user0030,Graduate Student,"Yes, I have both bought and sold items",More than once a month,[Scams or fraudulent transactions; Difficulty verifying product authenticity or quality],2,Yes,[Mandatory university email verification for all users; Pay for products in person; In-app messaging to initiate transactions],Very likely,
user0031,Freshman,"Yes, I have both bought and sold items",More than once a month,[Scams or fraudulent transactions; Difficulty verifying product authenticity or quality],2,Yes,[Mandatory university email verification for all users; Pay for products in person; In-app messaging to initiate transactions],Very likely,
user0032,Sophomore,"Yes, I have both bought and sold items",More than once a month,[Scams or fraudulent transactions; Difficulty verifying product authenticity or quality],2,Yes,[Mandatory university email verification for all users; Pay for products in person; In-app messaging to initiate transactions],Very likely,
user0033,Junior,"Yes, I have both bought and sold items",More than once a month,[Scams or fraudulent transactions; Difficulty verifying product authenticity or quality],2,Yes,[Mandatory university email verification for all users; Pay for products in person; In-app messaging to initiate transactions],Very likely,
user0034,Senior,"Yes, I have both bought and sold items",More than once a month,[Scams or fraudulent transactions; Difficulty verifying product authenticity or quality],2,Yes,[Mandatory university email verification for all users; Pay for products in person; In-app messaging to initiate transactions],Very likely,
user0035,Graduate Student,"Yes, I have both bought and sold items",More than once a month,[Scams or fraudulent transactions; Difficulty verifying product authenticity or quality],2,Yes,[Mandatory university email verification for all users; Pay for products in person; In-app messaging to initiate transactions],Very likely,
user0036,Freshman,"Yes, I have both bought and sold items",More than once a month,[Scams or fraudulent transactions; Difficulty verifying product authenticity or quality],2,Yes,[Mandatory university email verification for all users; Pay for products in person; In-app messaging to initiate transactions],Very likely,
user0037,Sophomore,"Yes, I have both bought and sold items",More than once a month,[Scams or fraudulent transactions; Difficulty verifying product authenticity or quality],2,Yes,[Mandatory university email verification for all users; Pay for products in person; In-app messaging to initiate transactions],Very likely,
user0038,Junior,"Yes, I have both bought and sold items",More than once a month,[Scams or fraudulent transactions; Difficulty verifying product authenticity or quality],2,Yes,[Mandatory university email verification for all users; Pay for products in person; In-app messaging to initiate transactions],Very likely,
user0039,Senior,"Yes, I have both bought and sold items",More than once a month,[Scams or fraudulent transactions; Difficulty verifying product authenticity or quality],2,Yes,[Mandatory university email verification for all users; Pay for products in person; In-app messaging to initiate transactions],Very likely,
user0040,Graduate Student,"Yes, I have both bought and sold items",More than once a month,[Scams or fraudulent transactions; Difficulty verifying product authenticity or quality],2,Yes,[Mandatory university email verification for all users; Pay for products in person; In-app messaging to initiate transactions],Very likely,
user0041,Freshman,"Yes, I have both bought and sold items",More than once a month,[Scams or fraudulent transactions; Difficulty verifying product authenticity or quality],2,Yes,[Mandatory university email verification for all users; Pay for products in person; In-app messaging to initiate transactions],Very likely,
user0042,Sophomore,"Yes, I have both bought and sold items",More than once a month,[Scams or fraudulent transactions; Difficulty verifying product authenticity or quality],2,Yes,[Mandatory university email verification for all users; Pay for products in person; In-app messaging to initiate transactions],Very likely,
user0043,Junior,"Yes, I have both bought and sold items",More than once a month,[Scams or fraudulent transactions; Difficulty verifying product authenticity or quality],2,Yes,[Mandatory university email verification for all users; Pay for products in person; In-app messaging to initiate transactions],Very likely,
user0044,Senior,"Yes, I have both bought and sold items",More than once a month,[Scams or fraudulent transactions; Difficulty verifying product authenticity or quality],2,Yes,[Mandatory university email verification for all users; Pay for products in person; In-app messaging to initiate transactions],Very likely,
user0045,Graduate Student,"Yes, I have both bought and sold items",More than once a month,[Scams or fraudulent transactions; Difficulty verifying product authenticity or quality],2,Yes,[Mandatory university email verification for all users; Pay for products in person; In-app messaging to initiate transactions],Very likely,
user0046,Freshman,"Yes, I have both bought and sold items",More than once a month,[Scams or fraudulent transactions; Difficulty verifying product authenticity or quality],2,Yes,[Mandatory university email verification for all users; Pay for products in person; In-app messaging to initiate transactions],Very likely,
user0047,Sophomore,"Yes, I have both bought and sold items",More than once a month,[Scams or fraudulent transactions; Difficulty verifying product authenticity or quality],2,Yes,[Mandatory university email verification for all users; Pay for products in person; In-app messaging to initiate transactions],Very likely,
user0048,Junior,"Yes, I have both bought and sold items",More than once a month,[Scams or fraudulent transactions; Difficulty verifying product authenticity or quality],2,Yes,[Mandatory university email verification for all users; Pay for products in person; In-app messaging to initiate transactions],Very likely,
user0049,Senior,"Yes, I have both bought and sold items",More than once a month,[Scams or fraudulent transactions; Difficulty verifying product authenticity or quality],2,Yes,[Mandatory university email verification for all users; Pay for products in person; In-app messaging to initiate transactions],Very likely,
user0050,Graduate Student,"Yes, I have both bought and sold items",More than once a month,[Scams or fraudulent transactions; Difficulty verifying product authenticity or quality],2,Yes,[Mandatory university email verification for all users; Pay for products in person; In-app messaging to initiate transactions],Very likely,
user0051,Freshman,"Yes, I have both bought and sold items",More than once a month,[Scams or fraudulent transactions; Difficulty verifying product authenticity or quality],2,Yes,[Mandatory university email verification for all users; Pay for products in person; In-app messaging to initiate transactions],Very likely,
user0052,Sophomore,"Yes, I have both bought and sold items",More than once a month,[Scams or fraudulent transactions; Difficulty verifying product authenticity or quality],2,Yes,[Mandatory university email verification for all users; Pay for products in person; In-app messaging to initiate transactions],Very likely,
user0053,Junior,"Yes, I have both bought and sold items",More than once a month,[Scams or fraudulent transactions; Difficulty verifying product authenticity or quality],2,Yes,[Mandatory university email verification for all users; Pay for products in person; In-app messaging to initiate transactions],Very likely,
user0054,Senior,"Yes, I have both bought and sold items",More than once a month,[Scams or fraudulent transactions; Difficulty verifying product authenticity or quality],2,Yes,[Mandatory university email verification for all users; Pay for products in person; In-app messaging to initiate transactions],Very likely,
user0055,Graduate Student,"Yes, I have both bought and sold items",More than once a month,[Scams or fraudulent transactions; Difficulty verifying product authenticity or quality],2,Yes,[Mandatory university email verification for all users; Pay for products in person; In-app messaging to initiate transactions],Very likely,
user0056,Freshman,"Yes, I have both bought and sold items",More than once a month,[Scams or fraudulent transactions; Difficulty verifying product authenticity or quality],2,Yes,[Mandatory university email verification for all users; Pay for products in person; In-app messaging to initiate transactions],Very likely,
user0057,Sophomore,"Yes, I have both bought and sold items",More than once a month,[Scams or fraudulent transactions; Difficulty verifying product authenticity or quality],2,Yes,[Mandatory university email verification for all users; Pay for products in person; In-app messaging to initiate transactions],Very likely,
user0058,Junior,"Yes, I have both bought and sold items",More than once a month,[Scams or fraudulent transactions; Difficulty verifying product authenticity or quality],2,Yes,[Mandatory university email verification for all users; Pay for products in person; In-app messaging to initiate transactions],Very likely,
user0059,Senior,"Yes, I have both bought and sold items",More than once a month,[Scams or fraudulent transactions; Difficulty verifying product authenticity or quality],2,Yes,[Mandatory university email verification for all users; Pay for products in person; In-app messaging to initiate transactions],Very likely,
user0060,Graduate Student,"Yes, I have both bought and sold items",More than once a month,[Scams or fraudulent transactions; Difficulty verifying product authenticity or quality],2,Yes,[Mandatory university email verification for all users; Pay for products in person; In-app messaging to initiate transactions],Very likely,
user0061,Freshman,"Yes, I have both bought and sold items",More than once a month,[Scams or fraudulent transactions; Difficulty verifying product authenticity or quality],3,Yes,[Mandatory university email verification for all users; Pay for products in person; In-app messaging to initiate transactions],Very likely,
user0062,Sophomore,"Yes, I have both bought and sold items",More than once a month,[Scams or fraudulent transactions; Difficulty verifying product authenticity or quality],3,Yes,[Mandatory university email verification for all users; Pay for products in person; In-app messaging to initiate transactions],Very likely,
user0063,Junior,"Yes, I have both bought and sold items",More than once a month,[Scams or fraudulent transactions; Difficulty verifying product authenticity or quality],3,Yes,[Mandatory university email verification for all users; Pay for products in person; In-app messaging to initiate transactions],Very likely,
user0064,Senior,"Yes, I have both bought and sold items",More than once a month,[Scams or fraudulent transactions; Difficulty verifying product authenticity or quality],3,Yes,[Mandatory university email verification for all users; Pay for products in person; In-app messaging to initiate transactions],Very likely,
user0065,Graduate Student,"Yes, I have both bought and sold items",More than once a month,[Scams or fraudulent transactions; Difficulty verifying product authenticity or quality],3,Yes,[Mandatory university email verification for all users; Pay for products in person; In-app messaging to initiate transactions],Very likely,
user0066,Freshman,"Yes, I have both bought and sold items",More than once a month,[Scams or fraudulent transactions; Difficulty verifying product authenticity or quality],3,Yes,[Mandatory university email verification for all users; Pay for products in person; In-app messaging to initiate transactions],Very likely,
user0067,Sophomore,"Yes, I have both bought and sold items",More than once a month,[Scams or fraudulent transactions; Difficulty verifying product authenticity or quality],3,Yes,[Mandatory university email verification for all users; Pay for products in person; In-app messaging to initiate transactions],Very likely,
user0068,Junior,"Yes, I have both bought and sold items",More than once a month,[Scams or fraudulent transactions; Difficulty verifying product authenticity or quality],3,Yes,[Mandatory university email verification for all users; Pay for products in person; In-app messaging to initiate transactions],Very likely,
user0069,Senior,"Yes, I have both bought and sold items",More than once a month,[Scams or fraudulent transactions; Difficulty verifying product authenticity or quality],3,Yes,[Mandatory university email verification for all users; Pay for products in person; In-app messaging to initiate transactions],Very likely,
user0070,Graduate Student,"Yes, I have both bought and sold items",More than once a month,[Scams or fraudulent transactions; Difficulty verifying product authenticity or quality],3,Yes,[Mandatory university email verification for all users; Pay for products in person; In-app messaging to initiate transactions],Very likely,
user0071,Freshman,"Yes, I have both bought and sold items",More than once a month,[Scams or fraudulent transactions; Difficulty verifying product authenticity or quality],3,Yes,[Mandatory university email verification for all users; Pay for products in person; In-app messaging to initiate transactions],Very likely,
user0072,Sophomore,"Yes, I have both bought and sold items",More than once a month,[Scams or fraudulent transactions; Difficulty verifying product authenticity or quality],3,Yes,[Mandatory university email verification for all users; Pay for products in person; In-app messaging to initiate transactions],Very likely,
user0073,Junior,"Yes, I have both bought and sold items",More than once a month,[Scams or fraudulent transactions; Difficulty verifying product authenticity or quality],3,Yes,[Mandatory university email verification for all users; Pay for products in person; In-app messaging to initiate transactions],Very likely,
user0074,Senior,"Yes, I have both bought and sold items",More than once a month,[Scams or fraudulent transactions; Difficulty verifying product authenticity or quality],3,Yes,[Mandatory university email verification for all users; Pay for products in person; In-app messaging to initiate transactions],Very likely,
user0075,Graduate Student,"Yes, I have both bought and sold items",More than once a month,[Scams or fraudulent transactions; Difficulty verifying product authenticity or quality],3,Yes,[Mandatory university email verification for all users; Pay for products in person; In-app messaging to initiate transactions],Very likely,
user0076,Freshman,"Yes, I have both bought and sold items",More than once a month,[Scams or fraudulent transactions; Difficulty verifying product authenticity or quality],3,Yes,[Mandatory university email verification for all users; Pay for products in person; In-app messaging to initiate transactions],Very likely,
user0077,Sophomore,"Yes, I have both bought and sold items",More than once a month,[Scams or fraudulent transactions; Difficulty verifying product authenticity or quality],3,Yes,[Mandatory university email verification for all users; Pay for products in person; In-app messaging to initiate transactions],Very likely,
user0078,Junior,"Yes, I have both bought and sold items",More than once a month,[Scams or fraudulent transactions; Difficulty verifying product authenticity or quality],3,Yes,[Mandatory university email verification for all users; Pay for products in person; In-app messaging to initiate transactions],Very likely,
user0079,Senior,"Yes, I have both bought and sold items",More than once a month,[Scams or fraudulent transactions; Difficulty verifying product authenticity or quality],3,Yes,[Mandatory university email verification for all users; Pay for products in person; In-app messaging to initiate transactions],Very likely,
user0080,Graduate Student,"Yes, I have both bought and sold items",More than once a month,[Scams or fraudulent transactions; Difficulty verifying product authenticity or quality],3,Yes,[Mandatory university email verification for all users; Pay for products in person; In-app messaging to initiate transactions],Very likely,
user0081,Freshman,"Yes, I have both bought and sold items",More than once a month,[Scams or fraudulent transactions; Difficulty verifying product authenticity or quality],3,Yes,[Mandatory university email verification for all users; Pay for products in person; In-app messaging to initiate transactions],Very likely,
user0082,Sophomore,"Yes, I have both bought and sold items",More than once a month,[Scams or fraudulent transactions; Difficulty verifying product authenticity or quality],3,Yes,[Mandatory university email verification for all users; Pay for products in person; In-app messaging to initiate transactions],Very likely,
user0083,Junior,"Yes, I have both bought and sold items",More than once a month,[Scams or fraudulent transactions; Difficulty verifying product authenticity or quality],3,Yes,[Mandatory university email verification for all users; Pay for products in person; In-app messaging to initiate transactions],Very likely,
user0084,Senior,"Yes, I have both bought and sold items",More than once a month,[Scams or fraudulent transactions; Difficulty verifying product authenticity or quality],3,Yes,[Mandatory university email verification for all users; Pay for products in person; In-app messaging to initiate transactions],Very likely,
user0085,Graduate Student,"Yes, I have both bought and sold items",More than once a month,[Scams or fraudulent transactions; Difficulty verifying product authenticity or quality],3,Yes,[Mandatory university email verification for all users; Pay for products in person; In-app messaging to initiate transactions],Very likely,
user0086,Freshman,"Yes, I have both bought and sold items",More than once a month,[Scams or fraudulent transactions; Difficulty verifying product authenticity or quality],3,Yes,[Mandatory university email verification for all users; Pay for products in person; In-app messaging to initiate transactions],Very likely,
user0087,Sophomore,"Yes, I have both bought and sold items",More than once a month,[Scams or fraudulent transactions; Difficulty verifying product authenticity or quality],3,Yes,[Mandatory university email verification for all users; Pay for products in person; In-app messaging to initiate transactions],Very likely,
user0088,Junior,"Yes, I have both bought and sold items",More than once a month,[Scams or fraudulent transactions; Difficulty verifying product authenticity or quality],3,Yes,[Mandatory university email verification for all users; Pay for products in person; In-app messaging to initiate transactions],Very likely,
user0089,Senior,"Yes, I have both bought and sold items",More than once a month,[Scams or fraudulent transactions; Difficulty verifying product authenticity or quality],3,Yes,[Mandatory university email verification for all users; Pay for products in person; In-app messaging to initiate transactions],Very likely,
user0090,Graduate Student,"Yes, I have both bought and sold items",More than once a month,[Scams or fraudulent transactions; Difficulty verifying product authenticity or quality],3,Yes,[Mandatory university email verification for all users; Pay for products in person; In-app messaging to initiate transactions],Very likely,
user0091,Freshman,"Yes, I have both bought and sold items",More than once a month,[Scams or fraudulent transactions; Difficulty verifying product authenticity or quality],3,Yes,[Mandatory university email verification for all users; Pay for products in person; In-app messaging to initiate transactions],Very likely,
user0092,Sophomore,"Yes, I have both bought and sold items",More than once a month,[Scams or fraudulent transactions; Difficulty verifying product authenticity or quality],3,Yes,[Mandatory university email verification for all users; Pay for products in person; In-app messaging to initiate transactions],Very likely,
user0093,Junior,"Yes, I have both bought and sold items",More than once a month,[Scams or fraudulent transactions; Difficulty verifying product authenticity or quality],3,Yes,[Mandatory university email verification for all users; Pay for products in person; In-app messaging to initiate transactions],Very likely,
user0094,Senior,"Yes, I have both bought and sold items",More than once a month,[Scams or fraudulent transactions; Difficulty verifying product authenticity or quality],3,Yes,[Mandatory university email verification for all users; Pay for products in person; In-app messaging to initiate transactions],Very likely,
user0095,Graduate Student,"Yes, I have both bought and sold items",More than once a month,[Scams or fraudulent transactions; Difficulty verifying product authenticity or quality],3,Yes,[Mandatory university email verification for all users; Pay for products in person; In-app messaging to initiate transactions],Very likely,
user0096,Freshman,"Yes, I have both bought and sold items",More than once a month,[Scams or fraudulent transactions; Difficulty verifying product authenticity or quality],3,Yes,[Mandatory university email verification for all users; Pay for products in person; In-app messaging to initiate transactions],Very likely,
user0097,Sophomore,"Yes, I have both bought and sold items",More than once a month,[Scams or fraudulent transactions; Difficulty verifying product authenticity or quality],3,Yes,[Mandatory university email verification for all users; Pay for products in person; In-app messaging to initiate transactions],Very likely,
user0098,Junior,"Yes, I have both bought and sold items",More than once a month,[Scams or fraudulent transactions; Difficulty verifying product authenticity or quality],3,Yes,[Mandatory university email verification for all users; Pay for products in person; In-app messaging to initiate transactions],Very likely,
user0099,Senior,"Yes, I have both bought and sold items",More than once a month,[Scams or fraudulent transactions; Difficulty verifying product authenticity or quality],3,Yes,[Mandatory university email verification for all users; Pay for products in person; In-app messaging to initiate transactions],Very likely,
user0100,Graduate Student,"Yes, I have both bought and sold items",More than once a month,[Scams or fraudulent transactions; Difficulty verifying product authenticity or quality],3,Yes,[Mandatory university email verification for all users; Pay for products in person; In-app messaging to initiate transactions],Very likely,
user0101,Freshman,"Yes, I have both bought and sold items",Once a month,[Transactions falling through due to lack of trust],3,Yes,[Mandatory university email verification for all users; Pay for products in person; In-app messaging to initiate transactions],Very likely,
user0102,Sophomore,"Yes, I have both bought and sold items",Once a month,[Transactions falling through due to lack of trust],3,Yes,[Mandatory university email verification for all users; Pay for products in person; In-app messaging to initiate transactions],Very likely,
user0103,Junior,"Yes, I have both bought and sold items",Once a month,[Transactions falling through due to lack of trust],3,Yes,[Mandatory university email verification for all users; Pay for products in person; In-app messaging to initiate transactions],Very likely,
user0104,Senior,"Yes, I have both bought and sold items",Once a month,[Transactions falling through due to lack of trust],3,Yes,[Mandatory university email verification for all users; Pay for products in person; In-app messaging to initiate transactions],Very likely,
user0105,Graduate Student,"Yes, I have both bought and sold items",Once a month,[Transactions falling through due to lack of trust],3,Yes,[Mandatory university email verification for all users; Pay for products in person; In-app messaging to initiate transactions],Very likely,
user0106,Freshman,"Yes, I have both bought and sold items",Once a month,[Transactions falling through due to lack of trust],3,Yes,[Mandatory university email verification for all users; Pay for products in person; In-app messaging to initiate transactions],Very likely,
user0107,Sophomore,"Yes, I have both bought and sold items",Once a month,[Transactions falling through due to lack of trust],3,Yes,[Mandatory university email verification for all users; Pay for products in person; In-app messaging to initiate transactions],Very likely,
user0108,Junior,"Yes, I have both bought and sold items",Once a month,[Transactions falling through due to lack of trust],3,Yes,[Mandatory university email verification for all users; Pay for products in person; In-app messaging to initiate transactions],Very likely,
user0109,Senior,"Yes, I have both bought and sold items",Once a month,[Transactions falling through due to lack of trust],3,Yes,[Mandatory university email verification for all users; Pay for products in person; In-app messaging to initiate transactions],Very likely,
user0110,Graduate Student,"Yes, I have both bought and sold items",Once a month,[Transactions falling through due to lack of trust],3,Yes,[Mandatory university email verification for all users; Pay for products in person; In-app messaging to initiate transactions],Very likely,
user0111,Freshman,"Yes, I have both bought and sold items",Once a month,[Transactions falling through due to lack of trust],3,Yes,[Mandatory university email verification for all users; Pay for products in person; In-app messaging to initiate transactions],Very likely,
user0112,Sophomore,"Yes, I have both bought and sold items",Once a month,[Transactions falling through due to lack of trust],3,Yes,[Mandatory university email verification for all users; Pay for products in person; In-app messaging to initiate transactions],Very likely,
user0113,Junior,"Yes, I have both bought and sold items",Once a month,[Transactions falling through due to lack of trust],3,Yes,[Mandatory university email verification for all users; Pay for products in person; In-app messaging to initiate transactions],Very likely,
user0114,Senior,"Yes, I have both bought and sold items",Once a month,[Transactions falling through due to lack of trust],3,Yes,[Mandatory university email verification for all users; Pay for products in person; In-app messaging to initiate transactions],Very likely,
user0115,Graduate Student,"Yes, I have both bought and sold items",Once a month,[Transactions falling through due to lack of trust],3,Yes,[Mandatory university email verification for all users; Pay for products in person; In-app messaging to initiate transactions],Very likely,
user0116,Freshman,"Yes, I have both bought and sold items",Once a month,[Transactions falling through due to lack of trust],3,Yes,[Mandatory university email verification for all users; Pay for products in person; In-app messaging to initiate transactions],Very likely,
user0117,Sophomore,"Yes, I have both bought and sold items",Once a month,[Transactions falling through due to lack of trust],3,Yes,[Mandatory university email verification for all users; Pay for products in person; In-app messaging to initiate transactions],Very likely,
user0118,Junior,"Yes, I have both bought and sold items",Once a month,[Transactions falling through due to lack of trust],3,Yes,[Mandatory university email verification for all users; Pay for products in person; In-app messaging to initiate transactions],Very likely,
user0119,Senior,"Yes, I have both bought and sold items",Once a month,[Transactions falling through due to lack of trust],3,Yes,[Mandatory university email verification for all users; Pay for products in person; In-app messaging to initiate transactions],Very likely,
user0120,Graduate Student,"Yes, I have both bought and sold items",Once a month,[Transactions falling through due to lack of trust],3,Yes,[Mandatory university email verification for all users; Pay for products in person; In-app messaging to initiate transactions],Very likely,
user0121,Freshman,"Yes, I have both bought and sold items",Once a month,[Transactions falling through due to lack of trust],3,Yes,[Mandatory university email verification for all users; Pay for products in person; In-app messaging to initiate transactions],Very likely,
user0122,Sophomore,"Yes, I have both bought and sold items",Once a month,[Transactions falling through due to lack of trust],3,Yes,[Mandatory university email verification for all users; Pay for products in person; In-app messaging to initiate transactions],Very likely,
user0123,Junior,"Yes, I have both bought and sold items",Once a month,[Transactions falling through due to lack of trust],3,Yes,[Mandatory university email verification for all users; Pay for products in person; In-app messaging to initiate transactions],Very likely,
user0124,Senior,"Yes, I have both bought and sold items",Once a month,[Transactions falling through due to lack of trust],3,Yes,[Mandatory university email verification for all users; Pay for products in person; In-app messaging to initiate transactions],Very likely,
user0125,Graduate Student,"Yes, I have both bought and sold items",Once a month,[Transactions falling through due to lack of trust],3,Yes,[Mandatory university email verification for all users; Pay for products in person; In-app messaging to initiate transactions],Very likely,
user0126,Freshman,"Yes, I have both bought and sold items",Once a month,[Transactions falling through due to lack of trust],3,Yes,[Mandatory university email verification for all users; Pay for products in person; In-app messaging to initiate transactions],Very likely,
user0127,Sophomore,"Yes, I have both bought and sold items",Once a month,[Transactions falling through due to lack of trust],3,Yes,[Mandatory university email verification for all users; Pay for products in person; In-app messaging to initiate transactions],Very likely,
user0128,Junior,"Yes, I have both bought and sold items",Once a month,[Transactions falling through due to lack of trust],3,Yes,[Mandatory university email verification for all users; Pay for products in person; In-app messaging to initiate transactions],Very likely,
user0129,Senior,"Yes, I have both bought and sold items",Once a month,[Transactions falling through due to lack of trust],3,Yes,[Mandatory university email verification for all users; Pay for products in person; In-app messaging to initiate transactions],Very likely,
user0130,Graduate Student,"Yes, I have both bought and sold items",Once a month,[Transactions falling through due to lack of trust],3,Yes,[Mandatory university email verification for all users; Pay for products in person; In-app messaging to initiate transactions],Very likely,
user0131,Freshman,"Yes, I have both bought and sold items",Once a month,[Transactions falling through due to lack of trust],3,Yes,[Mandatory university email verification for all users; Pay for products in person; In-app messaging to initiate transactions],Very likely,
user0132,Sophomore,"Yes, I have both bought and sold items",Once a month,[Transactions falling through due to lack of trust],3,Yes,[Mandatory university email verification for all users; Pay for products in person; In-app messaging to initiate transactions],Very likely,
user0133,Junior,"Yes, I have both bought and sold items",Once a month,[Transactions falling through due to lack of trust],3,Yes,[Mandatory university email verification for all users; Pay for products in person; In-app messaging to initiate transactions],Very likely,
user0134,Senior,"Yes, I have both bought and sold items",Once a month,[Transactions falling through due to lack of trust],3,Yes,[Mandatory university email verification for all users; Pay for products in person; In-app messaging to initiate transactions],Very likely,
user0135,Graduate Student,"Yes, I have both bought and sold items",Once a month,[Transactions falling through due to lack of trust],3,Yes,[Mandatory university email verification for all users; Pay for products in person; In-app messaging to initiate transactions],Very likely,
user0136,Freshman,"Yes, I have both bought and sold items",Once a month,[Transactions falling through due to lack of trust],3,Yes,[Mandatory university email verification for all users; Pay for products in person; In-app messaging to initiate transactions],Very likely,
user0137,Sophomore,"Yes, I have both bought and sold items",Once a month,[Transactions falling through due to lack of trust],3,Yes,[Mandatory university email verification for all users; Pay for products in person; In-app messaging to initiate transactions],Very likely,
user0138,Junior,"Yes, I have both bought and sold items",Once a month,[Transactions falling through due to lack of trust],3,Yes,[Mandatory university email verification for all users; Pay for products in person; In-app messaging to initiate transactions],Very likely,
user0139,Senior,"Yes, I have both bought and sold items",Once a month,[Transactions falling through due to lack of trust],3,Yes,[Mandatory university email verification for all users; Pay for products in person; In-app messaging to initiate transactions],Very likely,
user0140,Graduate Student,"Yes, I have both bought and sold items",Once a month,[Transactions falling through due to lack of trust],3,Yes,[Mandatory university email verification for all users; Pay for products in person; In-app messaging to initiate transactions],Very likely,
user0141,Freshman,"Yes, I have both bought and sold items",Once a month,[Transactions falling through due to lack of trust],3,Yes,[Mandatory university email verification for all users; Pay for products in person; In-app messaging to initiate transactions],Very likely,
user0142,Sophomore,"Yes, I have both bought and sold items",Once a month,[Transactions falling through due to lack of trust],3,Yes,[Mandatory university email verification for all users; Pay for products in person; In-app messaging to initiate transactions],Very likely,
user0143,Junior,"Yes, I have both bought and sold items",Once a month,[Transactions falling through due to lack of trust],3,Yes,[Mandatory university email verification for all users; Pay for products in person; In-app messaging to initiate transactions],Very likely,
user0144,Senior,"Yes, I have both bought and sold items",Once a month,[Transactions falling through due to lack of trust],3,Yes,[Mandatory university email verification for all users; Pay for products in person; In-app messaging to initiate transactions],Very likely,
user0145,Graduate Student,"Yes, I have both bought and sold items",Once a month,[Transactions falling through due to lack of trust],3,Yes,[Mandatory university email verification for all users; Pay for products in person; In-app messaging to initiate transactions],Very likely,
user0146,Freshman,"Yes, I have both bought and sold items",Once a month,[Transactions falling through due to lack of trust],3,Yes,[Mandatory university email verification for all users; Pay for products in person; In-app messaging to initiate transactions],Very likely,
user0147,Sophomore,"Yes, I have both bought and sold items",Once a month,[Transactions falling through due to lack of trust],3,Yes,[Mandatory university email verification for all users; Pay for products in person; In-app messaging to initiate transactions],Very likely,
user0148,Junior,"Yes, I have both bought and sold items",Once a month,[Transactions falling through due to lack of trust],3,Yes,[Mandatory university email verification for all users; Pay for products in person; In-app messaging to initiate transactions],Very likely,
user0149,Senior,"Yes, I have both bought and sold items",Once a month,[Transactions falling through due to lack of trust],3,Yes,[Mandatory university email verification for all users; Pay for products in person; In-app messaging to initiate transactions],Very likely,
user0150,Graduate Student,"Yes, I have both bought and sold items",Once a month,[Transactions falling through due to lack of trust],3,Yes,[Mandatory university email verification for all users; Pay for products in person; In-app messaging to initiate transactions],Very likely,
user0151,Freshman,"Yes, I have bought items",Once a month,[Transactions falling through due to lack of trust],3,Yes,[Mandatory university email verification for all users; Pay for products in person; In-app messaging to initiate transactions],Somewhat likely,
user0152,Sophomore,"Yes, I have bought items",Once a month,[Transactions falling through due to lack of trust],3,Yes,[Mandatory university email verification for all users; Pay for products in person; In-app messaging to initiate transactions],Somewhat likely,
user0153,Junior,"Yes, I have bought items",Once a month,[Transactions falling through due to lack of trust],3,Yes,[Mandatory university email verification for all users; Pay for products in person; In-app messaging to initiate transactions],Somewhat likely,
user0154,Senior,"Yes, I have bought items",Once a month,[Transactions falling through due to lack of trust],3,Yes,[Mandatory university email verification for all users; Pay for products in person; In-app messaging to initiate transactions],Somewhat likely,
user0155,Graduate Student,"Yes, I have bought items",Once a month,[Transactions falling through due to lack of trust],3,Yes,[Mandatory university email verification for all users; Pay for products in person; In-app messaging to initiate transactions],Somewhat likely,
user0156,Freshman,"Yes, I have bought items",Once a month,[Transactions falling through due to lack of trust],3,Yes,[Mandatory university email verification for all users; Pay for products in person; In-app messaging to initiate transactions],Somewhat likely,
user0157,Sophomore,"Yes, I have bought items",Once a month,[Transactions falling through due to lack of trust],3,Yes,[Mandatory university email verification for all users; Pay for products in person; In-app messaging to initiate transactions],Somewhat likely,
user0158,Junior,"Yes, I have bought items",Once a month,[Transactions falling through due to lack of trust],3,Yes,[Mandatory university email verification for all users; Pay for products in person; In-app messaging to initiate transactions],Somewhat likely,
user0159,Senior,"Yes, I have bought items",Once a month,[Transactions falling through due to lack of trust],3,Yes,[Mandatory university email verification for all users; Pay for products in person; In-app messaging to initiate transactions],Somewhat likely,
user0160,Graduate Student,"Yes, I have bought items",Once a month,[Transactions falling through due to lack of trust],3,Yes,[Mandatory university email verification for all users; Pay for products in person; In-app messaging to initiate transactions],Somewhat likely,
user0161,Freshman,"Yes, I have bought items",Once a month,[Transactions falling through due to lack of trust],3,Yes,[Mandatory university email verification for all users; Pay for products in person; In-app messaging to initiate transactions],Somewhat likely,
user0162,Sophomore,"Yes, I have bought items",Once a month,[Transactions falling through due to lack of trust],3,Yes,[Mandatory university email verification for all users; Pay for products in person; In-app messaging to initiate transactions],Somewhat likely,
user0163,Junior,"Yes, I have bought items",Once a month,[Transactions falling through due to lack of trust],3,Yes,[Mandatory university email verification for all users; Pay for products in person; In-app messaging to initiate transactions],Somewhat likely,
user0164,Senior,"Yes, I have bought items",Once a month,[Transactions falling through due to lack of trust],3,Yes,[Mandatory university email verification for all users; Pay for products in person; In-app messaging to initiate transactions],Somewhat likely,
user0165,Graduate Student,"Yes, I have bought items",Once a month,[Transactions falling through due to lack of trust],3,Yes,[Mandatory university email verification for all users; Pay for products in person; In-app messaging to initiate transactions],Somewhat likely,
user0166,Freshman,"Yes, I have bought items",Once a month,[Transactions falling through due to lack of trust],3,Yes,[Mandatory university email verification for all users; Pay for products in person; In-app messaging to initiate transactions],Somewhat likely,
user0167,Sophomore,"Yes, I have bought items",Once a month,[Transactions falling through due to lack of trust],3,Yes,[Mandatory university email verification for all users; Pay for products in person; In-app messaging to initiate transactions],Somewhat likely,
user0168,Junior,"Yes, I have bought items",Once a month,[Transactions falling through due to lack of trust],3,Yes,[Mandatory university email verification for all users; Pay for products in person; In-app messaging to initiate transactions],Somewhat likely,
user0169,Senior,"Yes, I have bought items",Once a month,[Transactions falling through due to lack of trust],3,Yes,[Mandatory university email verification for all users; Pay for products in person; In-app messaging to initiate transactions],Somewhat likely,
user0170,Graduate Student,"Yes, I have bought items",Once a month,[Transactions falling through due to lack of trust],3,Yes,[Mandatory university email verification for all users; Pay for products in person; In-app messaging to initiate transactions],Somewhat likely,
user0171,Freshman,"Yes, I have bought items",Once a month,[Transactions falling through due to lack of trust],3,Yes,[Mandatory university email verification for all users; Pay for products in person; In-app messaging to initiate transactions],Somewhat likely,
user0172,Sophomore,"Yes, I have bought items",Once a month,[Transactions falling through due to lack of trust],3,Yes,[Mandatory university email verification for all users; Pay for products in person; In-app messaging to initiate transactions],Somewhat likely,
user0173,Junior,"Yes, I have bought items",Once a month,[Transactions falling through due to lack of trust],3,Yes,[Mandatory university email verification for all users; Pay for products in person; In-app messaging to initiate transactions],Somewhat likely,
user0174,Senior,"Yes, I have bought items",Once a month,[Transactions falling through due to lack of trust],3,Yes,[Mandatory university email verification for all users; Pay for products in person; In-app messaging to initiate transactions],Somewhat likely,
user0175,Graduate Student,"Yes, I have bought items",Once a month,[Transactions falling through due to lack of trust],3,Yes,[Mandatory university email verification for all users; Pay for products in person; In-app messaging to initiate transactions],Somewhat likely,
user0176,Freshman,"Yes, I have bought items",Once a month,[Transactions falling through due to lack of trust],3,Yes,[Mandatory university email verification for all users; Pay for products in person; In-app messaging to initiate transactions],Somewhat likely,
user0177,Sophomore,"Yes, I have bought items",Once a month,[Transactions falling through due to lack of trust],3,Yes,[Mandatory university email verification for all users; Pay for products in person; In-app messaging to initiate transactions],Somewhat likely,
user0178,Junior,"Yes, I have bought items",Once a month,[Transactions falling through due to lack of trust],3,Yes,[Mandatory university email verification for all users; Pay for products in person; In-app messaging to initiate transactions],Somewhat likely,
user0179,Senior,"Yes, I have bought items",Once a month,[Transactions falling through due to lack of trust],3,Yes,[Mandatory university email verification for all users; Pay for products in person; In-app messaging to initiate transactions],Somewhat likely,
user0180,Graduate Student,"Yes, I have bought items",Once a month,[Transactions falling through due to lack of trust],3,Yes,[Mandatory university email verification for all users; Pay for products in person; In-app messaging to initiate transactions],Somewhat likely,
user0181,Freshman,"Yes, I have bought items",A few times a year,[Transactions falling through due to lack of trust],4,Yes,[Mandatory university email verification for all users; Pay for products in person],Somewhat likely,
user0182,Sophomore,"Yes, I have bought items",A few times a year,[Transactions falling through due to lack of trust],4,Yes,[Mandatory university email verification for all users; Pay for products in person],Somewhat likely,
user0183,Junior,"Yes, I have bought items",A few times a year,[Transactions falling through due to lack of trust],4,Yes,[Mandatory university email verification for all users; Pay for products in person],Somewhat likely,
user0184,Senior,"Yes, I have bought items",A few times a year,[Transactions falling through due to lack of trust],4,Yes,[Mandatory university email verification for all users; Pay for products in person],Somewhat likely,
user0185,Graduate Student,"Yes, I have bought items",A few times a year,[Transactions falling through due to lack of trust],4,Yes,[Mandatory university email verification for all users; Pay for products in person],Somewhat likely,
user0186,Freshman,"Yes, I have bought items",A few times a year,[Transactions falling through due to lack of trust],4,Yes,[Mandatory university email verification for all users; Pay for products in person],Somewhat likely,
user0187,Sophomore,"Yes, I have bought items",A few times a year,[Transactions falling through due to lack of trust],4,Yes,[Mandatory university email verification for all users; Pay for products in person],Somewhat likely,
user0188,Junior,"Yes, I have bought items",A few times a year,[Transactions falling through due to lack of trust],4,Yes,[Mandatory university email verification for all users; Pay for products in person],Somewhat likely,
user0189,Senior,"Yes, I have bought items",A few times a year,[Transactions falling through due to lack of trust],4,Yes,[Mandatory university email verification for all users; Pay for products in person],Somewhat likely,
user0190,Graduate Student,"Yes, I have bought items",A few times a year,[Transactions falling through due to lack of trust],4,Yes,[Mandatory university email verification for all users; Pay for products in person],Somewhat likely,
user0191,Freshman,"Yes, I have bought items",A few times a year,[Transactions falling through due to lack of trust],4,Yes,[Mandatory university email verification for all users; Pay for products in person],Somewhat likely,
user0192,Sophomore,"Yes, I have bought items",A few times a year,[Transactions falling through due to lack of trust],4,Yes,[Mandatory university email verification for all users; Pay for products in person],Somewhat likely,
user0193,Junior,"Yes, I have bought items",A few times a year,[Transactions falling through due to lack of trust],4,Yes,[Mandatory university email verification for all users; Pay for products in person],Somewhat likely,
user0194,Senior,"Yes, I have bought items",A few times a year,[Transactions falling through due to lack of trust],4,Yes,[Mandatory university email verification for all users; Pay for products in person],Somewhat likely,
user0195,Graduate Student,"Yes, I have bought items",A few times a year,[Transactions falling through due to lack of trust],4,Yes,[Mandatory university email verification for all users; Pay for products in person],Somewhat likely,
user0196,Freshman,"Yes, I have bought items",A few times a year,[Transactions falling through due to lack of trust],4,Yes,[Mandatory university email verification for all users; Pay for products in person],Somewhat likely,
user0197,Sophomore,"Yes, I have bought items",A few times a year,[Transactions falling through due to lack of trust],4,Yes,[Mandatory university email verification for all users; Pay for products in person],Somewhat likely,
user0198,Junior,"Yes, I have bought items",A few times a year,[Transactions falling through due to lack of trust],4,Yes,[Mandatory university email verification for all users; Pay for products in person],Somewhat likely,
user0199,Senior,"Yes, I have bought items",A few times a year,[Transactions falling through due to lack of trust],4,Yes,[Mandatory university email verification for all users; Pay for products in person],Somewhat likely,
user0200,Graduate Student,"Yes, I have bought items",A few times a year,[Transactions falling through due to lack of trust],4,Yes,[Mandatory university email verification for all users; Pay for products in person],Somewhat likely,
user0201,Freshman,"Yes, I have bought items",A few times a year,[None of the above],4,Yes,[Mandatory university email verification for all users; Pay for products in person],Somewhat likely,
user0202,Sophomore,"Yes, I have bought items",A few times a year,[None of the above],4,Yes,[Mandatory university email verification for all users; Pay for products in person],Somewhat likely,
user0203,Junior,"Yes, I have bought items",A few times a year,[None of the above],4,Yes,[Mandatory university email verification for all users; Pay for products in person],Somewhat likely,
user0204,Senior,"Yes, I have bought items",A few times a year,[None of the above],4,Yes,[Mandatory university email verification for all users; Pay for products in person],Somewhat likely,
user0205,Graduate Student,"Yes, I have bought items",A few times a year,[None of the above],4,Yes,[Mandatory university email verification for all users; Pay for products in person],Somewhat likely,
user0206,Freshman,"Yes, I have bought items",A few times a year,[None of the above],4,Yes,[Mandatory university email verification for all users; Pay for products in person],Somewhat likely,
user0207,Sophomore,"Yes, I have bought items",A few times a year,[None of the above],4,Yes,[Mandatory university email verification for all users; Pay for products in person],Somewhat likely,
user0208,Junior,"Yes, I have bought items",A few times a year,[None of the above],4,Yes,[Mandatory university email verification for all users; Pay for products in person],Somewhat likely,
user0209,Senior,"Yes, I have bought items",A few times a year,[None of the above],4,Yes,[Mandatory university email verification for all users; Pay for products in person],Somewhat likely,
user0210,Graduate Student,"Yes, I have bought items",A few times a year,[None of the above],4,Yes,[Mandatory university email verification for all users; Pay for products in person],Somewhat likely,
user0211,Freshman,"Yes, I have bought items",A few times a year,[None of the above],4,Yes,[Mandatory university email verification for all users; Pay for products in person],Somewhat likely,
user0212,Sophomore,"Yes, I have bought items",A few times a year,[None of the above],4,Yes,[Mandatory university email verification for all users; Pay for products in person],Somewhat likely,
user0213,Junior,"Yes, I have bought items",A few times a year,[None of the above],4,Yes,[Mandatory university email verification for all users; Pay for products in person],Somewhat likely,
user0214,Senior,"Yes, I have bought items",A few times a year,[None of the above],4,Yes,[Mandatory university email verification for all users; Pay for products in person],Somewhat likely,
user0215,Graduate Student,"Yes, I have bought items",A few times a year,[None of the above],4,Yes,[Mandatory university email verification for all users; Pay for products in person],Somewhat likely,
user0216,Freshman,"Yes, I have bought items",A few times a year,[None of the above],4,Yes,[Mandatory university email verification for all users; Pay for products in person],Somewhat likely,
user0217,Sophomore,"Yes, I have bought items",A few times a year,[None of the above],4,Yes,[Mandatory university email verification for all users; Pay for products in person],Somewhat likely,
user0218,Junior,"Yes, I have bought items",A few times a year,[None of the above],4,Yes,[Mandatory university email verification for all users; Pay for products in person],Somewhat likely,
user0219,Senior,"Yes, I have bought items",A few times a year,[None of the above],4,Yes,[Mandatory university email verification for all users; Pay for products in person],Somewhat likely,
user0220,Graduate Student,"Yes, I have bought items",A few times a year,[None of the above],4,Yes,[Mandatory university email verification for all users; Pay for products in person],Somewhat likely,
user0221,Freshman,"Yes, I have bought items",A few times a year,[None of the above],4,Yes,[Mandatory university email verification for all users; Pay for products in person],Somewhat likely,
user0222,Sophomore,"Yes, I have bought items",A few times a year,[None of the above],4,Yes,[Mandatory university email verification for all users; Pay for products in person],Somewhat likely,
user0223,Junior,"Yes, I have bought items",A few times a year,[None of the above],4,Yes,[Mandatory university email verification for all users; Pay for products in person],Somewhat likely,
user0224,Senior,"Yes, I have bought items",A few times a year,[None of the above],4,Yes,[Mandatory university email verification for all users; Pay for products in person],Somewhat likely,
user0225,Graduate Student,"Yes, I have bought items",A few times a year,[None of the above],4,Yes,[Mandatory university email verification for all users; Pay for products in person],Somewhat likely,
user0226,Freshman,"Yes, I have bought items",A few times a year,[None of the above],4,Yes,[Mandatory university email verification for all users; Pay for products in person],Somewhat likely,
user0227,Sophomore,"Yes, I have bought items",A few times a year,[None of the above],4,Yes,[Mandatory university email verification for all users; Pay for products in person],Somewhat likely,
user0228,Junior,"Yes, I have bought items",A few times a year,[None of the above],4,Yes,[Mandatory university email verification for all users; Pay for products in person],Somewhat likely,
user0229,Senior,"Yes, I have bought items",A few times a year,[None of the above],4,Yes,[Mandatory university email verification for all users; Pay for products in person],Somewhat likely,
user0230,Graduate Student,"Yes, I have bought items",A few times a year,[None of the above],4,Yes,[Mandatory university email verification for all users; Pay for products in person],Somewhat likely,
user0231,Freshman,"Yes, I have bought items",A few times a year,[None of the above],4,Yes,[Mandatory university email verification for all users; Pay for products in person],Somewhat likely,
user0232,Sophomore,"Yes, I have bought items",A few times a year,[None of the above],4,Yes,[Mandatory university email verification for all users; Pay for products in person],Somewhat likely,
user0233,Junior,"Yes, I have bought items",A few times a year,[None of the above],4,Yes,[Mandatory university email verification for all users; Pay for products in person],Somewhat likely,
user0234,Senior,"Yes, I have bought items",A few times a year,[None of the above],4,Yes,[Mandatory university email verification for all users; Pay for products in person],Somewhat likely,
user0235,Graduate Student,"Yes, I have bought items",A few times a year,[None of the above],4,Yes,[Mandatory university email verification for all users; Pay for products in person],Somewhat likely,
user0236,Freshman,"Yes, I have bought items",A few times a year,[None of the above],4,Yes,[Mandatory university email verification for all users; Pay for products in person],Somewhat likely,
user0237,Sophomore,"Yes, I have bought items",A few times a year,[None of the above],4,Yes,[Mandatory university email verification for all users; Pay for products in person],Somewhat likely,
user0238,Junior,"Yes, I have bought items",A few times a year,[None of the above],4,Yes,[Mandatory university email verification for all users; Pay for products in person],Somewhat likely,
user0239,Senior,"Yes, I have bought items",A few times a year,[None of the above],4,Yes,[Mandatory university email verification for all users; Pay for products in person],Somewhat likely,
user0240,Graduate Student,"Yes, I have bought items",A few times a year,[None of the above],4,Yes,[Mandatory university email verification for all users; Pay for products in person],Somewhat likely,
user0241,Freshman,"Yes, I have bought items",A few times a year,[None of the above],4,Yes,[Mandatory university email verification for all users; Pay for products in person],Somewhat likely,
user0242,Sophomore,"Yes, I have bought items",A few times a year,[None of the above],4,Yes,[Mandatory university email verification for all users; Pay for products in person],Somewhat likely,
user0243,Junior,"Yes, I have bought items",A few times a year,[None of the above],4,Yes,[Mandatory university email verification for all users; Pay for products in person],Somewhat likely,
user0244,Senior,"Yes, I have bought items",A few times a year,[None of the above],4,Yes,[Mandatory university email verification for all users; Pay for products in person],Somewhat likely,
user0245,Graduate Student,"Yes, I have bought items",A few times a year,[None of the above],4,Yes,[Mandatory university email verification for all users; Pay for products in person],Somewhat likely,
user0246,Freshman,"Yes, I have bought items",A few times a year,[None of the above],4,Yes,[Mandatory university email verification for all users; Pay for products in person],Somewhat likely,
user0247,Sophomore,"Yes, I have bought items",A few times a year,[None of the above],4,Yes,[Mandatory university email verification for all users; Pay for products in person],Somewhat likely,
user0248,Junior,"Yes, I have bought items",A few times a year,[None of the above],4,Yes,[Mandatory university email verification for all users; Pay for products in person],Somewhat likely,
user0249,Senior,"Yes, I have bought items",A few times a year,[None of the above],4,Yes,[Mandatory university email verification for all users; Pay for products in person],Somewhat likely,
user0250,Graduate Student,"Yes, I have bought items",A few times a year,[None of the above],4,Yes,[Mandatory university email verification for all users; Pay for products in person],Somewhat likely,
user0251,Freshman,"Yes, I have sold items",Rarely,[None of the above],4,Yes,[Mandatory university email verification for all users; Pay for products in person],Neutral,
user0252,Sophomore,"Yes, I have sold items",Rarely,[None of the above],4,Yes,[Mandatory university email verification for all users; Pay for products in person],Neutral,
user0253,Junior,"Yes, I have sold items",Rarely,[None of the above],4,Yes,[Mandatory university email verification for all users; Pay for products in person],Neutral,
user0254,Senior,"Yes, I have sold items",Rarely,[None of the above],4,Yes,[Mandatory university email verification for all users; Pay for products in person],Neutral,
user0255,Graduate Student,"Yes, I have sold items",Rarely,[None of the above],4,Yes,[Mandatory university email verification for all users; Pay for products in person],Neutral,
user0256,Freshman,"Yes, I have sold items",Rarely,[None of the above],4,Yes,[Mandatory university email verification for all users; Pay for products in person],Neutral,
user0257,Sophomore,"Yes, I have sold items",Rarely,[None of the above],4,Yes,[Mandatory university email verification for all users; Pay for products in person],Neutral,
user0258,Junior,"Yes, I have sold items",Rarely,[None of the above],4,Yes,[Mandatory university email verification for all users; Pay for products in person],Neutral,
user0259,Senior,"Yes, I have sold items",Rarely,[None of the above],4,Yes,[Mandatory university email verification for all users; Pay for products in person],Neutral,
user0260,Graduate Student,"Yes, I have sold items",Rarely,[None of the above],4,Yes,[Mandatory university email verification for all users; Pay for products in person],Neutral,
user0261,Freshman,"Yes, I have sold items",Rarely,[None of the above],5,Yes,[Mandatory university email verification for all users; Pay for products in person],Neutral,
user0262,Sophomore,"Yes, I have sold items",Rarely,[None of the above],5,Yes,[Mandatory university email verification for all users; Pay for products in person],Neutral,
user0263,Junior,"Yes, I have sold items",Rarely,[None of the above],5,Yes,[Mandatory university email verification for all users; Pay for products in person],Neutral,
user0264,Senior,"Yes, I have sold items",Rarely,[None of the above],5,Yes,[Mandatory university email verification for all users; Pay for products in person],Neutral,
user0265,Graduate Student,"Yes, I have sold items",Rarely,[None of the above],5,Yes,[Mandatory university email verification for all users; Pay for products in person],Neutral,
user0266,Freshman,"Yes, I have sold items",Rarely,[None of the above],5,Yes,[Mandatory university email verification for all users; Pay for products in person],Neutral,
user0267,Sophomore,"Yes, I have sold items",Rarely,[None of the above],5,Yes,[Mandatory university email verification for all users; Pay for products in person],Neutral,
user0268,Junior,"Yes, I have sold items",Rarely,[None of the above],5,Yes,[Mandatory university email verification for all users; Pay for products in person],Neutral,
user0269,Senior,"Yes, I have sold items",Rarely,[None of the above],5,Yes,[Mandatory university email verification for all users; Pay for products in person],Neutral,
user0270,Graduate Student,"Yes, I have sold items",Rarely,[None of the above],5,Yes,[Mandatory university email verification for all users; Pay for products in person],Neutral,
user0271,Freshman,"Yes, I have sold items",Rarely,[None of the above],5,No,[Mandatory university email verification for all users; Pay for products in person],Neutral,
user0272,Sophomore,"Yes, I have sold items",Rarely,[None of the above],5,No,[Mandatory university email verification for all users; Pay for products in person],Neutral,
user0273,Junior,"Yes, I have sold items",Rarely,[None of the above],5,No,[Mandatory university email verification for all users; Pay for products in person],Neutral,
user0274,Senior,"Yes, I have sold items",Rarely,[None of the above],5,No,[Mandatory university email verification for all users; Pay for products in person],Neutral,
user0275,Graduate Student,"Yes, I have sold items",Rarely,[None of the above],5,No,[Mandatory university email verification for all users; Pay for products in person],Neutral,
user0276,Freshman,"Yes, I have sold items",Rarely,[None of the above],5,No,[Mandatory university email verification for all users; Pay for products in person],Neutral,
user0277,Sophomore,"Yes, I have sold items",Rarely,[None of the above],5,No,[Mandatory university email verification for all users; Pay for products in person],Neutral,
user0278,Junior,"Yes, I have sold items",Rarely,[None of the above],5,No,[Mandatory university email verification for all users; Pay for products in person],Neutral,
user0279,Senior,"Yes, I have sold items",Rarely,[None of the above],5,No,[Mandatory university email verification for all users; Pay for products in person],Neutral,
user0280,Graduate Student,"Yes, I have sold items",Rarely,[None of the above],5,No,[Mandatory university email verification for all users; Pay for products in person],Neutral,
user0281,Freshman,"No, I have never used an online marketplace",Never,[None of the above],5,No,[Mandatory university email verification for all users; Pay for products in person],Somewhat unlikely,
user0282,Sophomore,"No, I have never used an online marketplace",Never,[None of the above],5,No,[Mandatory university email verification for all users; Pay for products in person],Somewhat unlikely,
user0283,Junior,"No, I have never used an online marketplace",Never,[None of the above],5,No,[Mandatory university email verification for all users; Pay for products in person],Somewhat unlikely,
user0284,Senior,"No, I have never used an online marketplace",Never,[None of the above],5,No,[Mandatory university email verification for all users; Pay for products in person],Somewhat unlikely,
user0285,Graduate Student,"No, I have never used an online marketplace",Never,[None of the above],5,No,[Mandatory university email verification for all users; Pay for products in person],Somewhat unlikely,
user0286,Freshman,"No, I have never used an online marketplace",Never,[None of the above],5,Unsure,[Mandatory university email verification for all users; Pay for products in person],Somewhat unlikely,
user0287,Sophomore,"No, I have never used an online marketplace",Never,[None of the above],5,Unsure,[Mandatory university email verification for all users; Pay for products in person],Somewhat unlikely,
user0288,Junior,"No, I have never used an online marketplace",Never,[None of the above],5,Unsure,[Mandatory university email verification for all users; Pay for products in person],Somewhat unlikely,
user0289,Senior,"No, I have never used an online marketplace",Never,[None of the above],5,Unsure,[Mandatory university email verification for all users; Pay for products in person],Somewhat unlikely,
user0290,Graduate Student,"No, I have never used an online marketplace",Never,[None of the above],5,Unsure,[Mandatory university email verification for all users; Pay for products in person],Somewhat unlikely,
user0291,Freshman,"No, I have never used an online marketplace",Never,[None of the above],5,Unsure,[Mandatory university email verification for all users; Pay for products in person],Very unlikely,
user0292,Sophomore,"No, I have never used an online marketplace",Never,[None of the above],5,Unsure,[Mandatory university email verification for all users; Pay for products in person],Very unlikely,
user0293,Junior,"No, I have never used an online marketplace",Never,[None of the above],5,Unsure,[Mandatory university email verification for all users; Pay for products in person],Very unlikely,
user0294,Senior,"No, I have never used an online marketplace",Never,[None of the above],5,Unsure,[Mandatory university email verification for all users; Pay for products in person],Very unlikely,
user0295,Graduate Student,"No, I have never used an online marketplace",Never,[None of the above],5,Unsure,[Mandatory university email verification for all users; Pay for products in person],Very unlikely,
user0296,Freshman,"No, I have never used an online marketplace",Never,[None of the above],5,Unsure,[Mandatory university email verification for all users; Pay for products in person],Very unlikely,
user0297,Sophomore,"No, I have never used an online marketplace",Never,[None of the above],5,Unsure,[Mandatory university email verification for all users; Pay for products in person],Very unlikely,
user0298,Junior,"No, I have never used an online marketplace",Never,[None of the above],5,Unsure,[Mandatory university email verification for all users; Pay for products in person],Very unlikely,
user0299,Senior,"No, I have never used an online marketplace",Never,[None of the above],5,Unsure,[Mandatory university email verification for all users; Pay for products in person],Very unlikely,
user0300,Graduate Student,"No, I have never used an online marketplace",Never,[None of the above],5,Unsure,[Mandatory university email verification for all users; Pay for products in person],Very unlikely,
